afisare abonamente,2020/05/01
adaugare catre literatura,2020/05/01
afisare carti,2020/05/01
adaugare bibliotecar,2020/05/01
iesire din meniu,2020/05/01
afisare abonati,2020/05/01
afisare abonati,2020/05/01
afisare bibliotecari,2020/05/01
afisare carti,2020/05/01
iesire din meniu,2020/05/01
adaugare abonati,2020/05/01
iesire din meniu,2020/05/01
adaugare bibliotecar,2020/05/01
iesire din meniu,2020/05/01
adaugare catre literatura,2020/05/01
adaugare abonati,2020/05/01
adaugare bibliotecar,2020/05/01
iesire din meniu,2020/05/01
iesire din meniu,2020/05/01
afisare abonati,2020/05/01
iesire din meniu,2020/05/01
